[{"model": "admin.logentry", "pk": 1, "fields": {"action_time": "2022-02-12T08:05:35.472Z", "user": 1, "content_type": 8, "object_id": "2", "object_repr": "admin", "action_flag": 2, "change_message": "[{\"changed\": {\"fields\": [\"Superuser status\"]}}]"}}, {"model": "admin.logentry", "pk": 2, "fields": {"action_time": "2022-02-12T08:10:33.759Z", "user": 1, "content_type": 8, "object_id": "2", "object_repr": "admin", "action_flag": 3, "change_message": ""}}, {"model": "admin.logentry", "pk": 3, "fields": {"action_time": "2022-02-12T08:11:02.671Z", "user": 1, "content_type": 8, "object_id": "3", "object_repr": "admin", "action_flag": 1, "change_message": "[{\"added\": {}}]"}}, {"model": "admin.logentry", "pk": 4, "fields": {"action_time": "2022-02-12T08:13:00.510Z", "user": 1, "content_type": 6, "object_id": "2", "object_repr": "Стулья", "action_flag": 2, "change_message": "[{\"changed\": {\"fields\": [\"\\u0418\\u043c\\u044f\", \"\\u041e\\u043f\\u0438\\u0441\\u0430\\u043d\\u0438\\u0435\"]}}]"}}, {"model": "admin.logentry", "pk": 5, "fields": {"action_time": "2022-02-12T08:13:07.681Z", "user": 1, "content_type": 6, "object_id": "1", "object_repr": "Столы", "action_flag": 2, "change_message": "[{\"changed\": {\"fields\": [\"\\u0418\\u043c\\u044f\", \"\\u041e\\u043f\\u0438\\u0441\\u0430\\u043d\\u0438\\u0435\"]}}]"}}, {"model": "admin.logentry", "pk": 6, "fields": {"action_time": "2022-02-12T08:14:09.179Z", "user": 1, "content_type": 7, "object_id": "1", "object_repr": "Стол удобный", "action_flag": 2, "change_message": "[{\"changed\": {\"fields\": [\"\\u0418\\u043c\\u044f\", \"\\u041a\\u0430\\u0440\\u0442\\u0438\\u043d\\u043a\\u0430\"]}}]"}}, {"model": "admin.logentry", "pk": 7, "fields": {"action_time": "2022-02-12T08:14:29.019Z", "user": 1, "content_type": 7, "object_id": "2", "object_repr": "Стул удобный", "action_flag": 1, "change_message": "[{\"added\": {}}]"}}, {"model": "admin.logentry", "pk": 8, "fields": {"action_time": "2022-02-12T08:17:08.435Z", "user": 1, "content_type": 7, "object_id": "3", "object_repr": "Супер стул", "action_flag": 1, "change_message": "[{\"added\": {}}]"}}, {"model": "admin.logentry", "pk": 9, "fields": {"action_time": "2022-02-12T08:17:29.475Z", "user": 1, "content_type": 7, "object_id": "2", "object_repr": "Стул удобный", "action_flag": 2, "change_message": "[{\"changed\": {\"fields\": [\"\\u041a\\u0430\\u0440\\u0442\\u0438\\u043d\\u043a\\u0430\"]}}]"}}, {"model": "admin.logentry", "pk": 10, "fields": {"action_time": "2022-02-12T08:17:45.989Z", "user": 1, "content_type": 7, "object_id": "2", "object_repr": "Стул удобный", "action_flag": 2, "change_message": "[]"}}, {"model": "admin.logentry", "pk": 11, "fields": {"action_time": "2022-02-12T08:17:52.520Z", "user": 1, "content_type": 7, "object_id": "2", "object_repr": "Стул удобный", "action_flag": 2, "change_message": "[]"}}, {"model": "admin.logentry", "pk": 12, "fields": {"action_time": "2022-02-12T08:17:56.702Z", "user": 1, "content_type": 7, "object_id": "3", "object_repr": "Супер стул", "action_flag": 2, "change_message": "[]"}}, {"model": "admin.logentry", "pk": 13, "fields": {"action_time": "2022-02-12T08:18:00.426Z", "user": 1, "content_type": 7, "object_id": "1", "object_repr": "Стол удобный", "action_flag": 2, "change_message": "[]"}}, {"model": "admin.logentry", "pk": 14, "fields": {"action_time": "2022-02-12T17:22:18.552Z", "user": 1, "content_type": 7, "object_id": "3", "object_repr": "Супер стул", "action_flag": 2, "change_message": "[{\"changed\": {\"fields\": [\"\\u0426\\u0435\\u043d\\u0430\"]}}]"}}, {"model": "admin.logentry", "pk": 15, "fields": {"action_time": "2022-02-12T17:22:24.002Z", "user": 1, "content_type": 7, "object_id": "2", "object_repr": "Стул удобный", "action_flag": 2, "change_message": "[{\"changed\": {\"fields\": [\"\\u0426\\u0435\\u043d\\u0430\"]}}]"}}, {"model": "admin.logentry", "pk": 16, "fields": {"action_time": "2022-02-12T17:22:29.017Z", "user": 1, "content_type": 7, "object_id": "1", "object_repr": "Стол удобный", "action_flag": 2, "change_message": "[{\"changed\": {\"fields\": [\"\\u0426\\u0435\\u043d\\u0430\"]}}]"}}, {"model": "admin.logentry", "pk": 17, "fields": {"action_time": "2022-02-27T11:35:57.367Z", "user": 1, "content_type": 7, "object_id": "4", "object_repr": "Стул", "action_flag": 3, "change_message": ""}}, {"model": "admin.logentry", "pk": 18, "fields": {"action_time": "2022-02-27T11:36:01.332Z", "user": 1, "content_type": 7, "object_id": "5", "object_repr": "Стул", "action_flag": 3, "change_message": ""}}, {"model": "auth.permission", "pk": 1, "fields": {"name": "Can add log entry", "content_type": 1, "codename": "add_logentry"}}, {"model": "auth.permission", "pk": 2, "fields": {"name": "Can change log entry", "content_type": 1, "codename": "change_logentry"}}, {"model": "auth.permission", "pk": 3, "fields": {"name": "Can delete log entry", "content_type": 1, "codename": "delete_logentry"}}, {"model": "auth.permission", "pk": 4, "fields": {"name": "Can view log entry", "content_type": 1, "codename": "view_logentry"}}, {"model": "auth.permission", "pk": 5, "fields": {"name": "Can add permission", "content_type": 2, "codename": "add_permission"}}, {"model": "auth.permission", "pk": 6, "fields": {"name": "Can change permission", "content_type": 2, "codename": "change_permission"}}, {"model": "auth.permission", "pk": 7, "fields": {"name": "Can delete permission", "content_type": 2, "codename": "delete_permission"}}, {"model": "auth.permission", "pk": 8, "fields": {"name": "Can view permission", "content_type": 2, "codename": "view_permission"}}, {"model": "auth.permission", "pk": 9, "fields": {"name": "Can add group", "content_type": 3, "codename": "add_group"}}, {"model": "auth.permission", "pk": 10, "fields": {"name": "Can change group", "content_type": 3, "codename": "change_group"}}, {"model": "auth.permission", "pk": 11, "fields": {"name": "Can delete group", "content_type": 3, "codename": "delete_group"}}, {"model": "auth.permission", "pk": 12, "fields": {"name": "Can view group", "content_type": 3, "codename": "view_group"}}, {"model": "auth.permission", "pk": 13, "fields": {"name": "Can add content type", "content_type": 4, "codename": "add_contenttype"}}, {"model": "auth.permission", "pk": 14, "fields": {"name": "Can change content type", "content_type": 4, "codename": "change_contenttype"}}, {"model": "auth.permission", "pk": 15, "fields": {"name": "Can delete content type", "content_type": 4, "codename": "delete_contenttype"}}, {"model": "auth.permission", "pk": 16, "fields": {"name": "Can view content type", "content_type": 4, "codename": "view_contenttype"}}, {"model": "auth.permission", "pk": 17, "fields": {"name": "Can add session", "content_type": 5, "codename": "add_session"}}, {"model": "auth.permission", "pk": 18, "fields": {"name": "Can change session", "content_type": 5, "codename": "change_session"}}, {"model": "auth.permission", "pk": 19, "fields": {"name": "Can delete session", "content_type": 5, "codename": "delete_session"}}, {"model": "auth.permission", "pk": 20, "fields": {"name": "Can view session", "content_type": 5, "codename": "view_session"}}, {"model": "auth.permission", "pk": 21, "fields": {"name": "Can add product category", "content_type": 6, "codename": "add_productcategory"}}, {"model": "auth.permission", "pk": 22, "fields": {"name": "Can change product category", "content_type": 6, "codename": "change_productcategory"}}, {"model": "auth.permission", "pk": 23, "fields": {"name": "Can delete product category", "content_type": 6, "codename": "delete_productcategory"}}, {"model": "auth.permission", "pk": 24, "fields": {"name": "Can view product category", "content_type": 6, "codename": "view_productcategory"}}, {"model": "auth.permission", "pk": 25, "fields": {"name": "Can add product", "content_type": 7, "codename": "add_product"}}, {"model": "auth.permission", "pk": 26, "fields": {"name": "Can change product", "content_type": 7, "codename": "change_product"}}, {"model": "auth.permission", "pk": 27, "fields": {"name": "Can delete product", "content_type": 7, "codename": "delete_product"}}, {"model": "auth.permission", "pk": 28, "fields": {"name": "Can view product", "content_type": 7, "codename": "view_product"}}, {"model": "auth.permission", "pk": 29, "fields": {"name": "Can add user", "content_type": 8, "codename": "add_shopuser"}}, {"model": "auth.permission", "pk": 30, "fields": {"name": "Can change user", "content_type": 8, "codename": "change_shopuser"}}, {"model": "auth.permission", "pk": 31, "fields": {"name": "Can delete user", "content_type": 8, "codename": "delete_shopuser"}}, {"model": "auth.permission", "pk": 32, "fields": {"name": "Can view user", "content_type": 8, "codename": "view_shopuser"}}, {"model": "auth.permission", "pk": 33, "fields": {"name": "Can add basket", "content_type": 9, "codename": "add_basket"}}, {"model": "auth.permission", "pk": 34, "fields": {"name": "Can change basket", "content_type": 9, "codename": "change_basket"}}, {"model": "auth.permission", "pk": 35, "fields": {"name": "Can delete basket", "content_type": 9, "codename": "delete_basket"}}, {"model": "auth.permission", "pk": 36, "fields": {"name": "Can view basket", "content_type": 9, "codename": "view_basket"}}, {"model": "auth.permission", "pk": 37, "fields": {"name": "Can add association", "content_type": 10, "codename": "add_association"}}, {"model": "auth.permission", "pk": 38, "fields": {"name": "Can change association", "content_type": 10, "codename": "change_association"}}, {"model": "auth.permission", "pk": 39, "fields": {"name": "Can delete association", "content_type": 10, "codename": "delete_association"}}, {"model": "auth.permission", "pk": 40, "fields": {"name": "Can view association", "content_type": 10, "codename": "view_association"}}, {"model": "auth.permission", "pk": 41, "fields": {"name": "Can add code", "content_type": 11, "codename": "add_code"}}, {"model": "auth.permission", "pk": 42, "fields": {"name": "Can change code", "content_type": 11, "codename": "change_code"}}, {"model": "auth.permission", "pk": 43, "fields": {"name": "Can delete code", "content_type": 11, "codename": "delete_code"}}, {"model": "auth.permission", "pk": 44, "fields": {"name": "Can view code", "content_type": 11, "codename": "view_code"}}, {"model": "auth.permission", "pk": 45, "fields": {"name": "Can add nonce", "content_type": 12, "codename": "add_nonce"}}, {"model": "auth.permission", "pk": 46, "fields": {"name": "Can change nonce", "content_type": 12, "codename": "change_nonce"}}, {"model": "auth.permission", "pk": 47, "fields": {"name": "Can delete nonce", "content_type": 12, "codename": "delete_nonce"}}, {"model": "auth.permission", "pk": 48, "fields": {"name": "Can view nonce", "content_type": 12, "codename": "view_nonce"}}, {"model": "auth.permission", "pk": 49, "fields": {"name": "Can add user social auth", "content_type": 13, "codename": "add_usersocialauth"}}, {"model": "auth.permission", "pk": 50, "fields": {"name": "Can change user social auth", "content_type": 13, "codename": "change_usersocialauth"}}, {"model": "auth.permission", "pk": 51, "fields": {"name": "Can delete user social auth", "content_type": 13, "codename": "delete_usersocialauth"}}, {"model": "auth.permission", "pk": 52, "fields": {"name": "Can view user social auth", "content_type": 13, "codename": "view_usersocialauth"}}, {"model": "auth.permission", "pk": 53, "fields": {"name": "Can add partial", "content_type": 14, "codename": "add_partial"}}, {"model": "auth.permission", "pk": 54, "fields": {"name": "Can change partial", "content_type": 14, "codename": "change_partial"}}, {"model": "auth.permission", "pk": 55, "fields": {"name": "Can delete partial", "content_type": 14, "codename": "delete_partial"}}, {"model": "auth.permission", "pk": 56, "fields": {"name": "Can view partial", "content_type": 14, "codename": "view_partial"}}, {"model": "auth.permission", "pk": 57, "fields": {"name": "Can add shop user profile", "content_type": 15, "codename": "add_shopuserprofile"}}, {"model": "auth.permission", "pk": 58, "fields": {"name": "Can change shop user profile", "content_type": 15, "codename": "change_shopuserprofile"}}, {"model": "auth.permission", "pk": 59, "fields": {"name": "Can delete shop user profile", "content_type": 15, "codename": "delete_shopuserprofile"}}, {"model": "auth.permission", "pk": 60, "fields": {"name": "Can view shop user profile", "content_type": 15, "codename": "view_shopuserprofile"}}, {"model": "auth.permission", "pk": 61, "fields": {"name": "Can add заказ", "content_type": 16, "codename": "add_order"}}, {"model": "auth.permission", "pk": 62, "fields": {"name": "Can change заказ", "content_type": 16, "codename": "change_order"}}, {"model": "auth.permission", "pk": 63, "fields": {"name": "Can delete заказ", "content_type": 16, "codename": "delete_order"}}, {"model": "auth.permission", "pk": 64, "fields": {"name": "Can view заказ", "content_type": 16, "codename": "view_order"}}, {"model": "auth.permission", "pk": 65, "fields": {"name": "Can add order item", "content_type": 17, "codename": "add_orderitem"}}, {"model": "auth.permission", "pk": 66, "fields": {"name": "Can change order item", "content_type": 17, "codename": "change_orderitem"}}, {"model": "auth.permission", "pk": 67, "fields": {"name": "Can delete order item", "content_type": 17, "codename": "delete_orderitem"}}, {"model": "auth.permission", "pk": 68, "fields": {"name": "Can view order item", "content_type": 17, "codename": "view_orderitem"}}, {"model": "sessions.session", "pk": "31qan4qbbh1505g4s364s4u740tza5bf", "fields": {"session_data": "e30:1nIzwb:JnweNo1SiiW7sw0aL5NpnPgzc0umUcylRcrOY3RnSz4", "expire_date": "2022-02-26T21:28:37.621Z"}}, {"model": "sessions.session", "pk": "41y9h0cr3vyw062zcvaadkixivyjyfiy", "fields": {"session_data": "e30:1nIziG:gvO7Bec3HehoK3cVGZDZsqj3nebIOHfpE-fQrECVx1I", "expire_date": "2022-02-26T21:13:48.217Z"}}, {"model": "sessions.session", "pk": "c593rfn8qm9q87m4kpuf4xyozt5oqzoa", "fields": {"session_data": "e30:1nIzvc:JAiwSinr3C8d9yFmHiSHNF7MvAN2os0Q6E0WKEKBmjg", "expire_date": "2022-02-26T21:27:36.443Z"}}, {"model": "sessions.session", "pk": "cjrbj3r1zflnyjx7op5psrt5ayr6bn1y", "fields": {"session_data": "e30:1nIzkz:cBPgwHQer4C-Lw05h3x4_j4ui-BqJBno1OC1el7gzoU", "expire_date": "2022-02-26T21:16:37.282Z"}}, {"model": "sessions.session", "pk": "j6bwdq8ua45d8ws8nzac91o6cks7od9u", "fields": {"session_data": ".eJxVjsEKwjAQRP8lZylJTbbGmwiKB9GLSL2ETUzaYmnRpFUU_91oPehp2RnezDxIUYWy08oHDJZMCawavsP57J7vz7cgoNhQe-iu-brPe7ldABkRhV0oVeftRVXHiMh_TaM52eZt-NZUWCvTXmzyVX0y9CXLz9nMIpb-8yX6MsKOMo084xPIGNCMSUkF05Lp-CAwMMZYPFIDFGDs0AmXcuAoHHcUU5HF0G__J7pGH1TdFlXzM3DYQp4veJtXSA:1nOJb4:F2O-XEKMFJSzKexJu0kJhCWt28IuaCP_NTmtc1hq_Qs", "expire_date": "2022-03-13T13:28:22.494Z"}}, {"model": "sessions.session", "pk": "lznq6nu7erf6wkdi52oycbzq9fdu73fa", "fields": {"session_data": "e30:1nIzoI:-aBBxqk0d2177aQm-I7P7u5fufaPnvXTRL6v9cEnmVU", "expire_date": "2022-02-26T21:20:02.763Z"}}, {"model": "sessions.session", "pk": "myvxreoipaea418yyjkc1wjhe9mwt88u", "fields": {"session_data": ".eJxVjjEPwiAUhP8Ls2mgUipuulRdXIwxXciDQmmtVgvVqPG_i9pBp5d3l-_uHqisvO2lcB68RlNUziU--Pu1vmQyW3qe54tb7XfxdrXOzmRzQiMkoPdW9E53oioCwv81CWqvj2_DtaqCRqi209GguujbF2Wfs54FLP7nLTgbYIOJBJrSCUsJwynhHCdEciLDA4wwpZSGAiuGGRsbMImJKaOQGGowxEkaQof-T3QDzoumLavjz8DvFvR8Ae-EV8Y:1nTUYb:o168YWWv89JZ-eWM0jk3DbMXbertCpCIhBbXZ0eTgAs", "expire_date": "2022-03-27T20:11:13.613Z"}}, {"model": "sessions.session", "pk": "qygybvjfdmcx37q65wkwswm7q46vpeeg", "fields": {"session_data": "e30:1nIzw8:-gi9msAL11bMFy_5YISBOHuucTvk4JSfFmUuyDAN6PU", "expire_date": "2022-02-26T21:28:08.852Z"}}, {"model": "sessions.session", "pk": "ta206cpljmc5ytq0vx57f8xmbsfa70hl", "fields": {"session_data": "e30:1nIznG:COuZ2SPTvvMxekgCkPJiJxt6aW0A986oLVxLZ0t8f68", "expire_date": "2022-02-26T21:18:58.755Z"}}, {"model": "social_django.usersocialauth", "pk": 1, "fields": {"user": 9, "provider": "github", "uid": "64315133", "extra_data": "{\"auth_time\": 1647202272, \"id\": 64315133, \"expires\": null, \"login\": \"klim1286\", \"access_token\": \"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\", \"token_type\": \"bearer\"}", "created": "2022-02-26T19:08:23.558Z", "modified": "2022-03-13T20:11:12.733Z"}}, {"model": "mainapp.productcategory", "pk": 1, "fields": {"name": "Столы", "description": ""}}, {"model": "mainapp.productcategory", "pk": 2, "fields": {"name": "Стулья", "description": ""}}, {"model": "mainapp.product", "pk": 1, "fields": {"name": "Стол удобный", "price": "5000.00", "color": "0x000000", "description": "", "image": "products/slider-hotdeal.jpg", "quantity": 33, "category": 1, "is_active": true}}, {"model": "mainapp.product", "pk": 2, "fields": {"name": "Стул удобный", "price": "2000.00", "color": "0x000000", "description": "", "image": "products/controll.jpg", "quantity": 24, "category": 2, "is_active": true}}, {"model": "mainapp.product", "pk": 3, "fields": {"name": "Супер стул", "price": "1000.00", "color": "0x000000", "description": "", "image": "products/controll1_eyEYQ6M.jpg", "quantity": 12, "category": 2, "is_active": true}}, {"model": "authapp.shopuser", "pk": 1, "fields": {"password": "pbkdf2_sha256$260000$cxCEmZJhtR20pcwhEii8H8$Fg0jTaBNdXa0T4bC0+nWqsoZV373WMLyF7cUBJDbUGA=", "last_login": "2022-03-13T20:09:28.521Z", "is_superuser": true, "username": "django", "first_name": "Andrei", "last_name": "", "email": "django@geekshop.local", "is_staff": true, "is_active": true, "date_joined": "2022-02-01T19:23:00.622Z", "age": 35, "avatar": "", "phone": "", "city": "", "activation_key": "", "activation_key_expires": "2022-02-28T12:44:14.437Z", "groups": [], "user_permissions": []}}, {"model": "authapp.shopuser", "pk": 3, "fields": {"password": "klim02098sex", "last_login": null, "is_superuser": true, "username": "admin", "first_name": "", "last_name": "", "email": "", "is_staff": false, "is_active": true, "date_joined": "2022-02-12T08:10:35Z", "age": 35, "avatar": "", "phone": "", "city": "", "activation_key": "", "activation_key_expires": "2022-02-28T12:44:14.437Z", "groups": [], "user_permissions": []}}, {"model": "authapp.shopuser", "pk": 4, "fields": {"password": "pbkdf2_sha256$260000$lxjHCZXhpYe9j2CGn15rqf$DExxCWsmqqyk4fQnuenM68UQZQxyqgrAfnorQj8YXAU=", "last_login": null, "is_superuser": false, "username": "user", "first_name": "suer", "last_name": "", "email": "user@localhost", "is_staff": false, "is_active": false, "date_joined": "2022-02-26T13:11:16.852Z", "age": 23, "avatar": "", "phone": "", "city": "", "activation_key": "<md5 _hashlib.HASH object @ 0x00000288DDF10470>", "activation_key_expires": "2022-02-28T13:11:16.852Z", "groups": [], "user_permissions": []}}, {"model": "authapp.shopuser", "pk": 5, "fields": {"password": "pbkdf2_sha256$260000$H8Xe4MEmbLO6Yfb2f380dA$GIM+XC2loXH9e7oaw5X+l4Cac5Ymu+W8NEinx/a2fl0=", "last_login": null, "is_superuser": false, "username": "user1", "first_name": "suer", "last_name": "", "email": "user@localhost", "is_staff": false, "is_active": false, "date_joined": "2022-02-26T13:13:45.440Z", "age": 23, "avatar": "", "phone": "", "city": "", "activation_key": "<md5 _hashlib.HASH object @ 0x0000016421745AB0>", "activation_key_expires": "2022-02-28T13:13:45.440Z", "groups": [], "user_permissions": []}}, {"model": "authapp.shopuser", "pk": 6, "fields": {"password": "pbkdf2_sha256$260000$4FLHO7CMhrGlKxTVxWrwjY$hxvGx3skS/lN2tERLsUo0bd4UoKR2O07skIjWA9DfpM=", "last_login": null, "is_superuser": false, "username": "user2", "first_name": "suer", "last_name": "", "email": "user@localhost", "is_staff": false, "is_active": false, "date_joined": "2022-02-26T13:16:18.065Z", "age": 23, "avatar": "", "phone": "", "city": "", "activation_key": "<md5 _hashlib.HASH object @ 0x000001D8003A6B90>", "activation_key_expires": "2022-02-28T13:16:18.065Z", "groups": [], "user_permissions": []}}, {"model": "authapp.shopuser", "pk": 7, "fields": {"password": "pbkdf2_sha256$260000$HrPakriPTLRMzUuxqHZw0T$NCCdYVFNZOWEnZaoXhMf4acxSPIPkK8ViDvzp+NOGyo=", "last_login": null, "is_superuser": false, "username": "user4", "first_name": "suer", "last_name": "", "email": "user@localhost", "is_staff": false, "is_active": false, "date_joined": "2022-02-26T13:25:34.620Z", "age": 23, "avatar": "", "phone": "", "city": "", "activation_key": "<md5 _hashlib.HASH object @ 0x000001B530E23710>", "activation_key_expires": "2022-02-28T13:25:34.620Z", "groups": [], "user_permissions": []}}, {"model": "authapp.shopuser", "pk": 8, "fields": {"password": "pbkdf2_sha256$260000$WJUF0NcoLBUT1F0Tl9BCPA$P3Ci8BZDo2+0VLL9PVOwly9You3oJNU4JaP/6YBahxQ=", "last_login": "2022-02-26T13:46:17.405Z", "is_superuser": false, "username": "user12", "first_name": "user", "last_name": "", "email": "user12@localhost", "is_staff": false, "is_active": true, "date_joined": "2022-02-26T13:44:59.203Z", "age": 12, "avatar": "", "phone": "", "city": "", "activation_key": "a706decda8fe4192265bf2758555b212", "activation_key_expires": "2022-02-28T13:44:59.203Z", "groups": [], "user_permissions": []}}, {"model": "authapp.shopuser", "pk": 9, "fields": {"password": "!kEgAwBm3U0PZu1qwNLBEntQjdKdD4uYYkmVSjPx5", "last_login": "2022-03-13T20:11:13.409Z", "is_superuser": false, "username": "klim1286", "first_name": "Andrei", "last_name": "", "email": "", "is_staff": false, "is_active": true, "date_joined": "2022-02-26T19:08:23.467Z", "age": 18, "avatar": "", "phone": "", "city": "Voronezh", "activation_key": "", "activation_key_expires": "2022-02-28T19:08:23.467Z", "groups": [], "user_permissions": []}}, {"model": "authapp.shopuserprofile", "pk": 1, "fields": {"user": 1, "about": "", "gender": ""}}, {"model": "authapp.shopuserprofile", "pk": 2, "fields": {"user": 3, "about": "", "gender": ""}}, {"model": "authapp.shopuserprofile", "pk": 3, "fields": {"user": 4, "about": "", "gender": ""}}, {"model": "authapp.shopuserprofile", "pk": 4, "fields": {"user": 5, "about": "", "gender": ""}}, {"model": "authapp.shopuserprofile", "pk": 5, "fields": {"user": 6, "about": "", "gender": ""}}, {"model": "authapp.shopuserprofile", "pk": 6, "fields": {"user": 7, "about": "", "gender": ""}}, {"model": "authapp.shopuserprofile", "pk": 7, "fields": {"user": 8, "about": "", "gender": ""}}, {"model": "authapp.shopuserprofile", "pk": 8, "fields": {"user": 9, "about": "I'm python developer", "gender": "M"}}, {"model": "basketapp.basket", "pk": 8, "fields": {"user": 1, "product": 1, "quantity": 11, "add_datetime": "2022-02-12T20:45:55.417Z"}}, {"model": "basketapp.basket", "pk": 9, "fields": {"user": 1, "product": 2, "quantity": 2, "add_datetime": "2022-02-13T10:14:24.026Z"}}, {"model": "basketapp.basket", "pk": 10, "fields": {"user": 8, "product": 2, "quantity": 3, "add_datetime": "2022-02-26T17:14:17.193Z"}}, {"model": "basketapp.basket", "pk": 18, "fields": {"user": 9, "product": 2, "quantity": 2, "add_datetime": "2022-02-27T18:02:36.703Z"}}, {"model": "basketapp.basket", "pk": 19, "fields": {"user": 9, "product": 3, "quantity": 1, "add_datetime": "2022-02-27T18:02:36.797Z"}}, {"model": "ordersapp.order", "pk": 1, "fields": {"user": 9, "created": "2022-02-27T14:08:04.111Z", "updated": "2022-02-27T18:02:36.881Z", "status": "CREATED", "is_active": false}}, {"model": "ordersapp.order", "pk": 2, "fields": {"user": 9, "created": "2022-02-27T17:22:07.319Z", "updated": "2022-02-27T17:26:23.206Z", "status": "CREATED", "is_active": false}}, {"model": "ordersapp.order", "pk": 3, "fields": {"user": 9, "created": "2022-02-27T17:38:39.187Z", "updated": "2022-02-27T17:38:39.314Z", "status": "CREATED", "is_active": true}}, {"model": "ordersapp.order", "pk": 4, "fields": {"user": 9, "created": "2022-02-27T17:38:43.945Z", "updated": "2022-02-27T17:38:44.157Z", "status": "CREATED", "is_active": false}}, {"model": "ordersapp.order", "pk": 5, "fields": {"user": 9, "created": "2022-02-27T17:38:50.772Z", "updated": "2022-02-27T17:38:50.892Z", "status": "CREATED", "is_active": true}}, {"model": "ordersapp.order", "pk": 6, "fields": {"user": 9, "created": "2022-02-27T17:39:00.680Z", "updated": "2022-02-27T18:49:08.625Z", "status": "IN_PROCESSING", "is_active": true}}, {"model": "ordersapp.order", "pk": 7, "fields": {"user": 9, "created": "2022-02-27T18:01:27.346Z", "updated": "2022-02-27T18:48:17.314Z", "status": "IN_PROCESSING", "is_active": true}}, {"model": "ordersapp.orderitem", "pk": 1, "fields": {"order": 1, "product": 2, "quantity": 2}}, {"model": "ordersapp.orderitem", "pk": 2, "fields": {"order": 1, "product": 3, "quantity": 1}}, {"model": "ordersapp.orderitem", "pk": 3, "fields": {"order": 2, "product": 1, "quantity": 1}}, {"model": "ordersapp.orderitem", "pk": 4, "fields": {"order": 3, "product": 1, "quantity": 1}}, {"model": "ordersapp.orderitem", "pk": 5, "fields": {"order": 5, "product": 1, "quantity": 1}}, {"model": "ordersapp.orderitem", "pk": 6, "fields": {"order": 6, "product": 3, "quantity": 2}}, {"model": "ordersapp.orderitem", "pk": 7, "fields": {"order": 7, "product": 2, "quantity": 3}}, {"model": "ordersapp.orderitem", "pk": 8, "fields": {"order": 6, "product": 1, "quantity": 3}}, {"model": "ordersapp.orderitem", "pk": 9, "fields": {"order": 7, "product": 1, "quantity": 2}}, {"model": "ordersapp.orderitem", "pk": 10, "fields": {"order": 7, "product": 3, "quantity": 243}}]